File,Sentence,String
2002-04-21-0127.xml,0,"Le plus urgent c'est l'envoie des secours pour faire face «à une terrible situation humanitaire», a déclaré <date hier <pad><pad><pad><pad>resta 1 d<pad><pad>> Kofi Annan, après le vote de la résolution 1405 de l'ONU"
2002-04-21-0127.xml,1," En attendant la commission d'enquête que finalement Bush n'a pas bloquée, le secrétaire d'Etat américain William Burn, <date hier <pad><pad><pad><pad>resta 1 d<pad><pad>> sur place, reconnaissait déjà « une tragédie humaine pour des milliers d'innocents »"
1999-07-28-0348d.xml,0,"Philippe Barret, un des conseillers du ministre de l'Intérieur Jean-Pierre Chevènement, a démissionné <date mercredi dernier <pad><pad><pad><pad>resta 3 dayw<pad><pad>> de ses fonctions"
1999-07-28-0348d.xml,1," Conseiller politique, Philippe Barret, qui s'occupait également des questions relatives à la Corse, a avancé des «raisons personnelles» à son départ"
1999-07-28-0348d.xml,2," Agé de 54 ans, il devrait regagner son corps d'origine, l'inspection générale de l'éducation nationale"
1999-08-27-1122.xml,0,Mandats de dépôt
1999-08-27-1122.xml,1,"« L'équipée sauvage » de <date la nuit de lundi à mardi <pad><pad><pad>neutro 1 dayw<pad><pad><pad>tni> à Rambervillers a connu son épilogue <date hier matin <pad><pad><pad>resta 1 d<pad><pad><pad>tmo>, devant le tribunal correctionnel d'Epinal : les cinq casseurs ont été conduits à la maison d'arrêt après leurs condamnations, en comparution immédiate, à des peines de prison ferme"
1999-08-27-1122.xml,2,Interpellés dès <date mardi soir <pad><pad><pad>neutro 2 dayw<pad><pad><pad>tev> par les gendarmes qui n'avaient pu rattraper les fuyards lors d'une course-poursuite
1999-08-27-1122.xml,3,"Elvis Weiss, Johnny Kadda, Abdelbaky Rahimi, Nordine Meguernes et Vincent Chenal, qui habitent tous le même quartier, n'ont pas su expliquer pourquoi ils ont cassé, dégradé, et incendié au cours d'une virée <time nocturne <pad><pad><pad><pad><pad><pad><pad><pad><pad>tni> qui a tourné au saccage organisé"
1999-08-27-1122.xml,4,"« J'étais énervé », « Je ne sais pas », « C'est parti tout seul », « Ben, comme ça"
1999-08-27-1122.xml,7, » : des réponses qui arrachent une moue d'incrédulité au président Lespérance
1999-08-27-1122.xml,8,"Cinq vitrines brisées, un container brûlé, une quinzaine de jardinières arrachées et jetées dans la Mortagne, trois tentatives de vol de voitures et un véhicule incendié, une effraction et du vol d'outillage à la piscine municipale, des dégradations en série : la liste des méfaits et exactions commis entre <time 0 h 30 <pad><pad><pad><pad><pad><pad>0 30<pad><pad>> et <time 4 h mardi <pad><pad><pad>neutro 2  dayw 20 00<pad><pad>> ressemble à une litanie sans fin"
1999-08-27-1122.xml,11,"« La bande, armée de manches de pioche et de gourdins, a semé le trouble dans la bourgade » : le substitut Weyland a requis la sévérité"
1999-08-27-1122.xml,12, « Le petit tour en ville a tourné au saccage général et gratuit »
1999-08-27-1122.xml,13," Et de demander des peines de prison ferme, de <duration 8 <pad>8<pad><pad><pad><pad><pad><pad>> à <duration 24 mois <pad>24<pad><pad><pad><pad><pad><pad>>, à l'encontre des prévenus"
1999-08-27-1122.xml,14,"Elvis Weiss, 20 ans, a déjà un casier judiciaire, comme ses copains Nordine Meguernes, 19 ans, et Abdelbaky Rahimi, 19 ans"
1999-08-27-1122.xml,15," Vincent Chenal, 19 ans, qui reconnaît être l'incendiaire de la voiture et Johnny Kadda, 20 ans, n'ont jamais été condamné"
1999-08-27-1122.xml,16,"Le quatuor des avocates, Mes Perrin, Leuvrey, Arnoult et Spor, n'a pu obtenir la clémence du tribunal, malgré des plaidoiries axées sur la personnalité des membres de la bande, qui tous connaissent des difficultés familiales et ont une formation professionnelle ou une activité d'intérimaire"
1999-08-27-1122.xml,17,"Elvis Weiss, Nordine Meguernès et Vincent Chenal ont écopé d'une peine de <duration 2 ans 2<pad><pad><pad><pad><pad><pad><pad>> de prison ferme, Abdelbaky Rahimi de <duration 10 mois <pad>10<pad><pad><pad><pad><pad><pad>> et Johnny Kadda de <duration 8 mois <pad>8<pad><pad><pad><pad><pad><pad>>"
1999-08-27-1122.xml,18, Un mandat de dépôt a été décerné par le tribunal à chacun des cinq casseurs
1999-08-27-1122.xml,19,Anne IRJUD
2002-09-22-0531.xml,0,Malentendu et excuses
2002-09-22-0531.xml,1,"Edmund Stoiber a ainsi déclaré <date mercredi <pad><pad><pad><pad>neutro 3 dayw<pad><pad>> qu'il n'autoriserait pas, s'il était élu, l'usage des bases américaines en Allemagne pour une attaque unilatérale des Etats-Unis en Irak"
2002-09-22-0531.xml,2, Son conseiller de campagne s'est empressé d'évoquer un « malentendu »
2002-09-22-0531.xml,3,"Quant à la ministre social-démocrate de la Justice, Herta Daeubler-Gmelin, elle a provoqué une belle polémique en comparant, selon un journal local, les méthodes du président américain George W"
2002-09-22-0531.xml,4, Bush à celles du dictateur nazi Adolf Hitler : le recours à la guerre face aux problèmes de politique intérieure
2002-09-22-0531.xml,5," Elle a fini par démentir avoir tenu ces propos, au bout de <duration deux jours <pad><pad><pad>2<pad><pad><pad><pad>> et après avoir provoqué l'ire publique de Washington"
2002-09-22-0531.xml,6, Et Gerhard Schröder s'est fendu d'une lettre à George W
2002-09-22-0531.xml,7, Bush
2002-09-22-0531.xml,8,Ce n'est pas un hasard si ces dérapages ont porté sur l'Irak
2002-09-22-0531.xml,9," C'est en jouant de la peur de la guerre, profonde dans un pays traumatisé par le bellicisme nazi et les tensions de la Guerre froide, que le chancelier Schröder a réussi à redonner une chance à son camp "
2002-09-22-0531.xml,10,"Il a exclu d'emblée toute participation de son pays à une attaque de l'Irak, avec ou sans mandat de l'ONU"
2002-09-22-0531.xml,11,"Les élections législatives d'<date aujourd'hui <pad><pad><pad><pad>suma 0 d<pad><pad>> en Allemagne promettent de figurer parmi les plus serrées de <date l'après-guerre 1945<pad><pad><pad><pad><pad><pad><pad><pad>> : ni les sociaux-démocrates du chancelier Gerhard Schröder ni les conservateurs d'Edmund Stoiber ne disposent d'une claire majorité, selon les sondages"
2002-09-22-0531.xml,12,"A l'issue d'une campagne riche en rebondissements, Gerhard Schröder reste de très loin le plus populaire des candidats, face à un rival très crispé : la tête de liste de la démocratie-chrétienne (CDU/CSU), le chef du gouvernement régional de Bavière Edmund Stoiber, n'a pas su convaincre qu'il avait l'envergure d'un chancelier"
2002-09-22-0531.xml,13,"Mais ce sont les députés du Bundestag que les 61,2 millions d'électeurs allemands vont choisir <date aujourd'hui <pad><pad><pad><pad>suma 0 d<pad><pad>>"
2002-09-22-0531.xml,14, <date le futur <pad><pad><pad><pad><pad><pad>future<pad><pad>> chancelier sera élu par la nouvelle chambre
2002-09-22-0531.xml,15," Et là, rien n'est encore joué"
2002-09-22-0531.xml,16,Les écarts sont trop faibles pour permettre toute projection
2002-09-22-0531.xml,17," En outre, la fine arithmétique électorale dépend du retour ou non au Parlement des néocommunistes du PDS, héritiers du Parti communiste au pouvoir dans l'ex-RDA"
2002-09-22-0531.xml,18," Si le PDS disparaît du paysage politique fédéral, ses sièges seraient redistribués à la proportionnelle aux partis représentés, avec une prime au vainqueur"
2002-09-22-0531.xml,19, De quoi faire peser une vraie incertitude sur l'issue du scrutin et mettre les nerfs à vif
2002-09-22-0531.xml,20, Deux gaffes récentes témoignent de cette tension
1999-07-28-0348e.xml,0,Remaniement d'adjoints à Paris
1999-07-28-0348e.xml,1,"- Jean Tiberi, maire RPR de Paris, a procédé <date hier <pad><pad><pad><pad>resta 1 d<pad><pad>> à un mini-remaniement de ses adjoints, en confiant l'important secteur scolaire et universitaire à un de ses proches, Vincent Reina, qui succède à Jean de Gaulle, démissionnaire"
1999-07-28-0348e.xml,2,Pages spécifiques à l'édition de Lunéville
2002-04-30-0498c.xml,0,Besancenot à Marseille
2002-04-30-0498c.xml,1,Olivier Besancenot sera à Marseille <date jeudi 2 mai <pad>05<pad>02<pad><pad><pad><pad><pad>> afin d'y manifester contre la venue de Jean-Marie Le Pen
2002-04-30-0498c.xml,2," L'ancien candidat de la Ligue communiste révolutionnaire (LCR) à la présidentielle manifestera aussi <date le mercredi 1er mai <pad>05<pad>01<pad><pad><pad><pad><pad>> à la tête du cortège de la LCR présent dans la grande manifestation parisienne anti-Le Pen, au côté d'Alain Krivine, porte-parole de la LCR"
2003-02-04-0456e.xml,0,Terroriste arrêté à Jakarta
2003-02-04-0456e.xml,1," - Une bombe a explosé <date hier <pad><pad><pad><pad>resta 1 d<pad><pad>> dans l'enceinte du quartier général de la police à Jakarta, sans faire de victime, mais cet attentat a ravivé les craintes de nouvelles attaques terroristes dans l'archipel"
2003-02-04-0456e.xml,2,"La police a d'autre part annoncé l'arrestation du chef pour Singapour de la Jamaah Islamiyah (JI), un réseau terroriste régional, qui aurait eu pour plan de détourner des avions pour les faire s'écraser sur Singapour et Bangkok"
2002-05-07-0144.xml,0,La «mission» de Raffarin
2002-05-07-0144.xml,1,Jacques Chirac a fait vite
2002-05-07-0144.xml,2," Réélu triomphalement <date dimanche <pad><pad><pad><pad>neutro 7 dayw<pad><pad>> avec plus de 82% des voix, le chef de l'Etat a nommé dès <date hier <pad><pad><pad><pad>resta 1 d<pad><pad>> à Matignon Jean-Pierre Raffarin"
2002-05-07-0144.xml,3, Celui-ci s'est aussitôt lancé dans les consultations pour la constitution de son gouvernement «de mission» dont la composition sera rendue publique <date ce mardi «dans la journée» <pad><pad><pad>neutro 2 dayw<pad><pad><pad>tdt>
1999-06-04-0535b.xml,0,Carla Bruni roule japonais
1999-06-04-0535b.xml,1,"Après Claudia Schiffer et son idylle avec Citroën, Carla Bruni prête son image à un grand constructeur automobile"
1999-06-04-0535b.xml,2," Le célèbre mannequin roule japonais : pour Suzuki, Carla Bruni incarne la «femme moderne et dynamique»"
1999-06-04-0535b.xml,3, Le top model défend les couleurs d'un 4x4 tous terrains destiné à une clientèle urbaine et essentiellement féminine
1999-06-04-0535c.xml,0,Cassis exempté de quarantaine
1999-06-04-0535c.xml,1,"Tony Blair est intervenu personnellement pour exempter officiellement de quarantaine le chien d'un jeune Britannique de 15 ans, atteint d'un cancer et en convalescence en France"
1999-06-04-0535c.xml,2," Craignant de ne plus revoir son chien à son retour en Angleterre, William a écrit une lettre au Premier ministre britannique en lui demandant s'il lui était possible «d'accélérer la réforme» de ce système ancestral destiné à protéger les animaux insulaires de la rage, pour qu'il «puisse rentrer en Angleterre avec son chien"
1999-06-04-0535c.xml,5, »
1999-06-04-0535c.xml,6," Dans une lettre signée de sa main, Tony Blair est «heureux d'annoncer qu'en raison des circonstances exceptionnelles, Cassis est exempté de quarantaine»"
1999-06-04-0535c.xml,7," Il recevra en avant première, après vérifications du ministère de l'Agriculture, un passeport pour animaux domestiques, qui devrait normalement entrer en vigueur en <date avril 2001 2001 04<pad><pad><pad><pad><pad><pad><pad>>"
2003-02-07-0005.xml,0,"A compter du <date 1er septembre prochain <pad><pad><pad><pad>resta 9 months <pad><pad>>, les Commerciens n'appelleront plus la police mais la gendarmerie à la rescousse"
2003-02-07-0005.xml,1, La décision de Nicolas Sarkozy de fermer le commissariat de Commercy a été rendue officiellement publique <date hier après-midi <pad><pad><pad>resta 1 d<pad><pad><pad>taf> par le préfet Bernard Fitoussi
2003-02-07-0005.xml,2, Un choix qui devrait permettre d'atteindre «un haut niveau de sécurité et d'efficacité» a-t-il déclaré
2003-02-04-0456d.xml,0,Un mufti de la République en Algérie
2003-02-04-0456d.xml,1," - La fonction de Mufti de la République, chargé officiellement des fatwas (décrets religieux) a été créée par le gouvernement algérien, a-t-on annoncé <date hier <pad><pad><pad><pad>resta 1 d<pad><pad>> à Alger"
2003-02-04-0456d.xml,2," Le titulaire de cette nouvelle fonction en Algérie, devra présider le Dar el-ifta (l'organisme de la fatwa), également <date nouvellement <pad><pad><pad><pad><pad><pad>past<pad><pad>> créé"
2003-01-21-0468.xml,0,"Rien ne justifie <date aujourd'hui <pad><pad><pad><pad>suma 0 d<pad><pad>> une action militaire, selon Dominique de Villepin"
2003-01-21-0468.xml,1,Le ministre français des Affaires étrangères Dominique de Villepin a estimé <date hier <pad><pad><pad><pad>resta 1 d<pad><pad>> que rien que ne justifiait <date aujourd'hui <pad><pad><pad><pad>suma 0 d<pad><pad>> une action militaire contre l'Irak
2003-01-21-0468.xml,2," « Rien ne justifie de rompre le fil des inspections pour entrer dans le temps de la guerre et de l'incertitude », a affirmé le ministre français"
2003-01-21-0468.xml,3,M
2003-01-21-0468.xml,4," de Villepin a également souligné, en s'exprimant en anglais, que « si la guerre est le seul moyen pour sortir de cette crise, alors nous sommes dans une impasse »"
2003-01-21-0468.xml,5,"La crise en Irak « est un test » et « les enjeux sont énormes », a-t-il déclaré lors d'une conférence de presse à l'issue d'une réunion du Conseil de sécurité de l'Onu sur la lutte antiterroriste"
2003-01-21-0468.xml,6, La France préside <date actuellement <pad><pad><pad><pad><pad><pad>present<pad><pad>> le Conseil de sécurité
2002-11-04-0354.xml,0,Modification de l'itinéraire du bus
2002-11-04-0354.xml,1,"En raison des travaux de voirie qui vont être exécutés chemin des Montants, le trajet du bus et par conséquent, les arrêts sont modifiés"
2002-11-04-0354.xml,2," Pendant toute la durée des travaux (<duration environ deux mois <pad>2<pad><pad><pad><pad><pad><pad>>), la rue du château ne sera plus desservie"
2002-11-04-0354.xml,3," Dans le sens Nancy-Ecuelle, les arrêts à Eulmont se feront : 1"
2002-11-04-0354.xml,4," à la Teille, 2"
2002-11-04-0354.xml,5," au chêne, 3"
2002-11-04-0354.xml,6, au centre et à la ferme (face à l'abri)
1999-05-18-0333.xml,0,LE VILLAGE FERA LA F^ETE <date dimanche <pad><pad><pad><pad>neutro 7 dayw<pad><pad>>
1999-05-18-0333.xml,1,C'est en <date cette fête de pentecôte <pad>05<pad>24<pad><pad><pad><pad><pad>> que se déroulera la fête du village
1999-05-18-0333.xml,2,"Dès <date dimanche <pad><pad><pad><pad>neutro 7 dayw<pad><pad>>, petits et grands pourront venir s'exercer au crève-ballons, à la loterie, au tir ou encore se régaler à la confiserie ou essayer le manège"
1999-05-18-0333.xml,3,"<date dimanche soir <pad><pad><pad>neutro 7 dayw<pad><pad><pad>tev>, à partir de <time 22 h <pad><pad><pad><pad><pad><pad>20<pad><pad><pad>>, le comité des fêtes vous invite également au bal qui sera animé par Frédéric Bush"
2003-02-04-0872.xml,0,Premiers lauriers
2003-02-04-0872.xml,1,EPINAL
2003-02-04-0872.xml,2, _ Plusieurs coureurs de la Vôge VTT se sont rendus <date ce week-end <pad><pad><pad><pad>neutro 0 we<pad><pad>> à Saint-Gervais pour participer à la Snow Bike Cup
2003-02-04-0872.xml,3,Une sortie prometteuse pour les protégés d'Eric Jacoté
2003-02-04-0872.xml,4," Ainsi, Jérôme Conreaux et Rémy Absalon ont signé un joli doublé tandis que Estelle Vuillemin s'est imposée chez les féminines (27e au scratch)"
1999-07-28-0348c.xml,0,L'Agence universitaire de la francophonie porte plainte pour diffamation
1999-07-28-0348c.xml,1,- Le conseil d'administration de l'Agence universitaire de la francophonie (AUF) a décidé de porter plainte pour diffamation à la suite de la publication d'un rapport d'évaluation sur l'organisation
1999-07-28-0348c.xml,2," Le rapport en question, remis à M"
1999-07-28-0348c.xml,3," Boutros Boutros-Ghali, secrétaire général de la francophonie, dresse un constat très sévère de la gestion de l'AUF, en jugeant «impératif de créer une nouvelle agence universitaire sur du solide»"
2003-02-04-0456a.xml,0,L'Algérie dans le noir
2003-02-04-0456a.xml,1," - Une panne générale de courant a plongé <date hier soir <pad><pad><pad>resta 1 d<pad><pad><pad>tev> l'Algérie dans le noir, dont la capitale Alger"
2003-02-04-0456a.xml,2," La plupart des grandes villes algériennes ont également été touchées par cette gigantesque panne qui serait due à un « incident » à la centrale Elhamma d'Alger, selon une source officielle"
2003-02-04-0456a.xml,3," Cette nouvelle centrale, alimentée au gaz naturel, avait été inaugurée il y a <duration quelques mois <pad>x<pad><pad><pad><pad><pad><pad>> par le président Abdelaziz Bouteflika"
2003-02-04-0456a.xml,4, Le courant devait être rétablie en totalité au cours de <time la nuit <pad><pad><pad>neutro 0 d<pad><pad><pad>tni>
1999-07-23-0052.xml,0,<date prochains <pad><pad><pad><pad><pad><pad>future<pad><pad>> mariages
1999-07-23-0052.xml,1,"En mairie de Tronville, <time samedi 24 juillet à 15 h 45 <pad>07<pad>24<pad><pad>15 45<pad><pad>>, Boris Grüner, militaire dans l'armée de l'air demeurant 49, route nationale, convolera en justes noces avec Noura Mohamed-Belkacem, secrétaire dans l'armée de l'air et habitante de la rue de l'Ornain"
1999-07-23-0052.xml,2,"<date le même jour <pad><pad><pad><pad>neutro 0 d<pad><pad>> à Saint-Amand-Sur-Ornain, à <time 14 h 15 <pad><pad><pad><pad><pad><pad>14 15<pad><pad>> en la maison commune, Christophe Bouche, agent SNCF et demeurant 31, rue du maréchal de Luxembourg, prendra pour épouse Elodie Legeay, laborantine qui habite le village"
1999-09-05-0496.xml,0,LA FARANDOLE
1999-09-05-0496.xml,1,La halte-garderie La Farandole rouvrira ses portes <date lundi 6 septembre <pad>09<pad>06<pad><pad><pad><pad><pad>> à partir de <time 8 h 30 <pad><pad><pad><pad><pad><pad>8 30<pad><pad>>
1999-09-05-0496.xml,2,"Les premières inscriptions se feront <date ce même lundi après-midi <pad><pad><pad>neutro 1 d<pad><pad><pad>taf>, de <time 13 h 30 <pad><pad><pad><pad><pad><pad>13 30<pad><pad>> à <time 15 h 30 <pad><pad><pad><pad><pad><pad>15 30<pad><pad>>"
1999-09-05-0496.xml,3," Les inscriptions auront lieu ensuite <set tous les jeudis <pad><pad><pad><pad><pad><pad><pad><pad>> aux heures d'ouverture aux Epis, 4 bis, avenue du Général de Gaulle (tél"
1999-09-05-0496.xml,4, 03
1999-09-05-0496.xml,5,83
1999-09-05-0496.xml,6,74
1999-09-05-0496.xml,7,37
1999-09-05-0496.xml,8,70)
1999-07-28-0348a.xml,0,Repas de famille gouvernemental
1999-07-28-0348a.xml,1,"- Lionel Jospin reçoit <date ce soir <pad><pad><pad>neutro 0 d<pad><pad><pad>tev> les membres de son gouvernement et leurs conjoints à Matignon pour un dîner qui ressemble plus à une fête de fin d'année qu'à une rencontre de travail, après <duration une période <pad><pad><pad><pad><pad><pad><pad><pad>> marquée par des tensions parfois vives au sein de son équipe"
1999-07-28-0348a.xml,2, Le dernier conseil des ministres avant la trêve estivale est prévu <date le 3 août <pad>08<pad>03<pad><pad><pad><pad><pad>>
1999-07-28-0348a.xml,3, Un <date précédent <pad><pad><pad><pad><pad><pad>past<pad><pad>> dîner avait réuni <date mercredi dernier <pad><pad><pad><pad>resta 3 dayw<pad><pad>> autour de Lionel Jospin les chefs de parti de la majorité plurielle
1999-05-29-0648.xml,0,Tombée du 4e étage
1999-05-29-0648.xml,1,"<date hier <pad><pad><pad><pad>resta 1 d<pad><pad>>, vers <time midi <pad><pad><pad><pad><pad><pad>12 00<pad><pad>>, une femme d'une trentaine d'années est tombée du 4e étage du bâtiment Les Etourneaux, place de Londres à Vandœuvre"
1999-05-29-0648.xml,2,"Grièvement blessée, elle a été transportée, après conditionnement, au centre hospitalier"
2002-01-21-0155.xml,0,"Pendant <duration une semaine <pad><pad>1<pad><pad><pad><pad><pad>> à partir de <date ce matin <pad><pad><pad>neutro 0 d<pad><pad><pad>tmo>, le tribunal de Poitiers va tenter de démêler les responsabilités dans le gigantesque carambolage suivi d'incendies des véhicules, qui <date le 10 novembre 93 1993 11<pad>10<pad><pad><pad><pad><pad>>, sur l'A 10 près de Bordeaux, avait causé la mort de 15 personnes et blessé 53 autres"
2002-01-21-0155.xml,1, 80 parties civiles sont représentées alors que 17 automobilistes et deux chauffeurs routiers sont poursuivis
1999-07-16-0592.xml,0,STAGE GYM ENFANT
1999-07-16-0592.xml,1,"Un stage de gym enfant et expression artistique se déroulera au centre social de Beauregard du <date 19 <pad><pad><pad>13<pad><pad><pad><pad><pad>> au <date 23 juillet <pad>07<pad>23<pad><pad><pad><pad><pad> >, pour les enfants de 2 à 8 ans"
1999-07-16-0592.xml,2, Renseignements et inscriptions au tél 03
1999-07-16-0592.xml,3,83
1999-07-16-0592.xml,4,96
1999-07-16-0592.xml,5,46
1999-07-16-0592.xml,6,12
2003-02-21-0862.xml,0,Une Alsacienne de 6 ans se noie
2003-02-21-0862.xml,1,STRASBOURG
2003-02-21-0862.xml,2, _ Une fillette de 6 ans s'est noyée <date mardi soir <pad><pad><pad>neutro 2 dayw<pad><pad><pad>tev> dans la piscine d'un centre de villégiature près d'Obernai
2003-02-21-0862.xml,3," Pauline, en vacances avec sa famille au domaine Saint-Jacques, a été transportée à l'hôpital de Hautepierre à Strasbourg, après avoir coulé dans le grand bassin de la piscine couverte du site"
2003-02-21-0862.xml,4," Secourue rapidement, son cœur est reparti, mais elle n'avait pas repris conscience lors de son admission à l'hôpital, où elle est décédée"
2003-02-21-0862.xml,5, Les gendarmes d'Obernai enquêtent
2002-04-03-1077.xml,0,Déchetterie fermée
2002-04-03-1077.xml,1,"La déchetterie, rue de la gare, sera fermée du <date mercredi 3 avril <pad>04<pad>03<pad><pad><pad><pad><pad>> au <date samedi 6 avril <pad>04<pad>06<pad><pad><pad><pad><pad>> inclus"
2003-01-24-0478a.xml,0,Trois personnes ont été tués dans une attaque palestinienne au sud d'Hébron en Cisjordanie
2003-01-24-0478a.xml,1," Selon les services de secours, des tireurs ont ouvert le feu sur un véhicule israélien près d'une colonie des hauteurs de Hébron, tuant ses trois occupants"
2003-01-24-0478a.xml,2,"L'armée israélienne a arrêté un tireur embusqué palestinien déguisé en femme qui avait ouvert le feu sur des soldats près de la colonie juive de Dougit, sans faire de blessé"
2003-01-24-0478a.xml,3,"Les Brigades des martyrs d'Al-Aqsa, groupe armé lié au mouvement Fatah de Yasser Arafat, ont indiqué qu'elles entendaient poursuivre les attentats-suicides contre Israël"
2003-01-24-0478a.xml,4,Une réunion interpalestinienne doit s'ouvrir <date aujourd'hui <pad><pad><pad><pad>suma 0 d<pad><pad>> au Caire
2003-01-24-0478a.xml,5," Selon le président Moubarak, le but de cette réunion est « d'élaborer une plate-forme palestinienne unifiée qui pourrait servir à lancer des négociations aboutissant à un accord » israélo-palestinien sur un arrêt de la violence"
1999-05-19-0543.xml,0,Printemps de l'environnement Les groupes prêts à entrer en action
1999-05-19-0543.xml,2,Trente-cinq volontaires ont participé au printemps de l'environnement sur le territoire de la commune de Deneuvre
1999-05-19-0543.xml,3,"Ils s'étaient donner rendez-vous à <time 14 h <pad><pad><pad><pad><pad><pad>14 00<pad><pad>>, devant la mairie"
1999-05-19-0543.xml,4," L'opération avait été programmée par Claude Moret, conseiller municipal qui avait prévu de diviser les volontaires en trois groupes qui avaient pour tâche de ramasser tous les détritus, sur des différents itinéraires"
1999-05-19-0543.xml,5,"Toutes les associations de Deneuvre étaient représentées pour ce grand nettoyage, environ 6 m3 de saletés ont été ramassés sur l'ensenble du territoire, soit près de 20 kg par personne"
1999-05-19-0543.xml,6,"Une opération trés citoyenne qui sera renouvelée <date l'an prochain <pad><pad><pad><pad>suma 1 y<pad><pad>>, sans doute à la date prévue initialement soit <date le premier dimanche du printemps <pad>03<pad>26<pad><pad><pad><pad><pad>>, pour que le ramassage soit effectué dans des conditions plus faciles"
2002-08-25-0493b.xml,0,"Ni alcool, ni tabac"
2002-08-25-0493b.xml,1,"Adelina Domingues, connue pour être la doyenne des Américains, s'est éteinte <date mercredi après-midi <pad><pad><pad>neutro 3 dayw<pad><pad><pad>taf> à l'âge de 114 ans"
2002-08-25-0493b.xml,2, Elle était veuve depuis
2002-08-25-0493b.xml,5, <date 1950 1950<pad><pad><pad><pad><pad><pad><pad><pad>>
2002-08-25-0493b.xml,6, Elle laisse derrière elle six petits-enfants et neuf arrière-petits-enfants
2002-08-25-0493b.xml,7," Les secrets de sa longévité ? Une alimentation était riche en légumes et en fruits frais ; ni alcool, ni tabac"
2003-02-04-0026.xml,0,Prévention routière
2003-02-04-0026.xml,1,« Fiat-auto » en partenariat avec la Prévention routière coordonne jusqu'au <date 28 février <pad>02<pad>28<pad><pad><pad><pad><pad>> les semaines de la sécurité
2003-02-04-0026.xml,2," Les automobilistes qui le désirent peuvent, quelle que soit la marque de leur véhicule, faire contrôler gratuitement les pneumatiques, les plaquettes de freins, l'éclairage et la signalisation, les balais d'essuie-glace et les batteries chez le concessionnaire Fiat, 38-40, rue Jeanne-d'Arc à Bar-le-Duc"
1999-05-20-1029.xml,0,Exploit des Knicks à Atlanta
1999-05-20-1029.xml,1,WASHINGTON
1999-05-20-1029.xml,2," _ Les Utah Jazz, dauphins des Chicago Bulls depuis <duration deux ans 2<pad><pad><pad><pad><pad><pad><pad>> et favoris pour la succession ouverte par la retraite de Michael Jordan, ont ouvert par une victoire à domicile sur Portland leur demi-finale de la conférence ouest <date mardi soir <pad><pad><pad>neutro 2 dayw<pad><pad><pad>tev> à Salt Lake City"
1999-05-20-1029.xml,3,"Les Jazz, après avoir frôlé l'élimination au premier tour, se sont imposés 93 à 83 avec 25 points et 12 rebonds de Karl Malone, avant de recevoir les Portland Trail Blazers une seconde fois, <date ce soir <pad><pad><pad>neutro 0 d<pad><pad><pad>tev>, dans la série au meilleur des sept matches"
1999-05-20-1029.xml,4,"De leur côté, les New York Knicks, tombeurs au premier tour de Miami, numéro un à l'est, sont allés s'imposer 100 à 92 à Atlanta, grâce à 34 points d'Allen Houston et 31 de Latrell Sprewell"
1999-05-20-1029.xml,5, Ils font <date maintenant <pad><pad><pad><pad><pad><pad>present<pad><pad>> figure de favoris pour une place en finale de conférence Est
2003-01-04-1029.xml,0,OFFICES RELIGIEUX
2003-01-04-1029.xml,1,"Les offices de l'Unité pastorale de Lure et sa région seront célébrés comme suit : <date samedi 4 janvier, à 18 h 30 <pad>01<pad>04<pad><pad>18 30<pad><pad>> : messe à Magny-vernois ; <date dimanche 5 janvier, à 9 h 15  <pad>01<pad>05<pad><pad>09 15<pad><pad>>, messe à Saint-germain, <time 10 h 30 <pad><pad><pad><pad><pad><pad>10 30<pad><pad>>, messe à Lure, Bouhans et Vy-les-Lure"
1999-05-19-0489a.xml,0,Grosse bronchite pour Eltsine
1999-05-19-0489a.xml,1,"Le président russe Boris Eltsine a annulé <date hier <pad><pad><pad><pad>resta 1 d<pad><pad>> une rencontre avec le président du gouvernement espagnol Jose Maria Aznar en raison d'une bronchite, a affirmé l'ambassade d'Espagne à Moscou"
1999-05-19-0489a.xml,2," Cependant, le Kremlin a démenti que le chef de l'Etat soit malade, indiquant laconiquement que l'entretien «ne figurait pas sur l'agenda» du chef de l'Etat"
1999-05-19-0489a.xml,3," <duration ces derniers jours <pad><pad><pad>x<pad><pad><pad><pad>>, M"
1999-05-19-0489a.xml,4," Eltsine a montré des signes évidents de faiblesse, apparaissant le visage très bouffi et se déplaçant avec difficulté"
1999-05-22-0991.xml,0,PROCHAIN MARIAGE
1999-05-22-0991.xml,1,"Nous apprenons le <date prochain <pad><pad><pad><pad><pad><pad>future<pad><pad>> mariage de Yohann Thomas, cuisinier, demeurant route de la Chalande au Tholy, avec Alice Doyen, serveuse demeurant à Montigny-les-Metz"
1999-05-22-0991.xml,2, Les consentements seront reçus en mairie <date le samedi 5 juin <pad>06<pad>05<pad><pad><pad><pad><pad>> à <time 17 h <pad><pad><pad><pad><pad><pad>17<pad><pad><pad>>
1999-05-20-0108.xml,0,Suicide par arme à feu
1999-05-20-0108.xml,1,"Un homme, blessé par une arme à feu, a été secouru par les pompiers de Grandvillars et transporté au centre hospitalier de Belfort dans un état grave, <date mardi <pad><pad><pad><pad>neutro 2 dayw<pad><pad>> vers <time 21 h 45 <pad><pad><pad><pad><pad><pad>21 45<pad><pad>>"
1999-05-20-0108.xml,2, Il y est décédé <date hier matin <pad><pad><pad>resta 1 d<pad><pad><pad>tmo>
1999-05-20-0108.xml,3, L'enquête de gendarmerie a conclu au suicide
2002-09-29-0965.xml,0,Carnet blanc Williams et Stéphanie
2002-09-29-0965.xml,2,"Williams Murray, chef cuisinier sur une plate-forme pétrolière en Ecosse et Stéphanie Bahof, professeur de français et de langue étrangère à l'école de langues au Luxembourg, ont été unis par les liens du mariage"
2002-09-29-0965.xml,3,"La cérémonie a eu lieu à Rotorua, en Nouvelle-Zélande, <date le 28 août <pad>08<pad>28<pad><pad><pad><pad><pad>>"
2002-09-29-0965.xml,4," Stéphanie est la fille de Jean-Luc, 1er adjoint de la commune et de Marylène, conseillère municipale"
2002-09-29-0965.xml,5,Nos vœux de bonheur
2003-01-27-0129.xml,0,Le président du Conseil représentatif des institutions juives de France Roger Cukierman a créé la polémique lors du traditionnel dîner <set annuel 1<pad><pad><pad><pad><pad><pad><pad>> du CRIF en assimilant antisionisme et antisémitisme et en dénonçant une «alliance brun-vert-rouge»
2003-01-27-0129.xml,1, Cette déclaration a provoqué le départ du nouveau secrétaire national des Verts Gilles Lemaire
1999-07-28-0438.xml,0,Le CICV sur Arte <date ce soir <pad><pad><pad>neutro 0 d<pad><pad><pad>tev>
1999-07-28-0438.xml,1,Deux œuvres réalisées au CICV d'Hérimoncourt seront diffusées sur Arte dans le cadre de l'émission « Les nuits de la pleine lune » <date ce soir <pad><pad><pad>neutro 0 d<pad><pad><pad>tev> à <time 00 h 10 <pad><pad><pad><pad><pad><pad>00 10<pad><pad>>
1999-07-28-0438.xml,2,Il s'agit de « Corps flottants » de Robert Cahen et de « Poèmes à l'infect » de Jean-Michel Bruyère
1999-08-10-0788.xml,0,RALLYE PROMENADE
1999-08-10-0788.xml,1,"Le comité des fêtes organise <date dimanche 29 août <pad>08<pad>29<pad><pad><pad><pad><pad>> un rallye promenade auto en Argonne : départ à <time 9 h <pad><pad><pad><pad><pad><pad>9 00<pad><pad>> place de la Gare à Clermont, pique-nique tiré du sac"
1999-08-10-0788.xml,2,"Pour tous renseignements et inscriptions, s'adresser au 03"
1999-08-10-0788.xml,3,29
1999-08-10-0788.xml,4,88
1999-08-10-0788.xml,5,43
1999-08-10-0788.xml,6,12
1999-08-10-0788.xml,7, ou au 03
1999-08-10-0788.xml,8,29
1999-08-10-0788.xml,9,87
1999-08-10-0788.xml,10,42
1999-08-10-0788.xml,11,10
2002-02-09-0883.xml,0,George W
2002-02-09-0883.xml,1, Bush est arrivé
2002-02-09-0883.xml,2,Le président George W
2002-02-09-0883.xml,3, Bush est arrivé <date hier <pad><pad><pad><pad>resta 1 d<pad><pad>> à Salt Lake City où il devait ouvrir dans <time la soirée <pad><pad><pad>neutro 0 d<pad><pad><pad>tev> les 19es Jeux Olympiques d'hiver
2002-02-09-0883.xml,4,"Le président américain, accompagné de son épouse Laura, est arrivé <time vers 12 h 30 locales <pad><pad><pad><pad><pad><pad>12 30<pad><pad>> (<time 20 h 30 en france <pad><pad><pad><pad><pad><pad>20 30<pad><pad>>) dans la ville hôte des Jeux d'hiver, qui offriront selon lui un oasis de « paix mondiale et de coopération » en <date temps de guerre contre le terrorisme, <pad><pad><pad><pad><pad><pad>present<pad><pad>> a indiqué le porte-parole de la Maison Blanche, Ari Fleischer"
2002-02-09-0883.xml,5,SONDAGE
2002-02-09-0883.xml,6," Le renforcement sans précédent de la sécurité a visiblement rassuré les habitants de l'Utah puisque 63 % d'entre eux pensent qu'une attaque terroriste est peu probable durant les Jeux de Salt Lake City, selon un sondage paru <date hier <pad><pad><pad><pad>resta 1 d<pad><pad>> dans le quotidien local Deseret News"
2002-02-09-0883.xml,7,"Cette enquête, basée sur les réponses de 408 sondés, montre une augmentation sensible par rapport à celle du <date 26 septembre dernier <pad><pad><pad>26 resta 09 months<pad><pad>> lorsque 59 % de la population craignaient une possible action terroriste"
2002-02-09-0883.xml,8,"Ce même sondage, qui possède une marge d'erreur de 6 %, révèle aussi que 87 % ont confiance dans la sécurité en place pour gérer un éventuel complot terroriste, contre 72 % en <date septembre dernier <pad><pad><pad><pad>resta 09 months<pad><pad>>"
2002-02-09-0883.xml,9,TOURISME
2002-02-09-0883.xml,10, Les attentats du <date 11 septembre <pad>09<pad>11<pad><pad><pad><pad><pad>> ont mis un coup de frein au tourisme aux Etats-Unis
2002-02-09-0883.xml,11," Mais les autorités espèrent que les Jeux Olympiques d'hiver dans l'Utah montrent une vitrine pour « revitaliser » l'activité touristique, notamment dans l'ouest, a indiqué <date jeudi <pad><pad><pad><pad>neutro 4 dayw<pad><pad>> la secrétaire à l'Intérieur (Environnement), Gale Norton"
2002-02-09-0883.xml,12," Quelque 9 millions de personnes visitent <set chaque année 1<pad><pad><pad><pad><pad><pad><pad>> les parcs nationaux dans l'Utah, parmi les plus connus aux Etats-Unis"
2002-02-09-0883.xml,13,POSTE
2002-02-09-0883.xml,14," En raison de la sécurité maximum en place à Salt Lake City, la poste américaine ne ramassera plus le courrier qui ne sera pas déposé dans les énormes boîtes disposées dans les rues"
2002-02-09-0883.xml,15," Le problème est que le nombre de ces boîtes a été réduit dans le centre-ville, à la demande des services de sécurité olympiques"
2002-02-09-0883.xml,16," Que faire donc quand tout est plein ? « Allez en trouver une autre », conseille la Poste"
2002-02-09-0883.xml,17,FRAYEURS
2002-02-09-0883.xml,18," En route pour Salt Lake City, le patineur de vitesse néerlandais Rintje Ritsma s'est fait des frayeurs lors de l'escale à Calgary (Canada)"
2002-02-09-0883.xml,19," Installé dans l'avion, il a vu par le hublot que ses bagages étaient restés au sol"
2002-02-09-0883.xml,20, Le champion a piqué un sprint vers les hôtesses et a réussi à faire stopper l'appareil
2002-02-09-0883.xml,21," « Il me manque encore une valise, mais elle ne contient que quelques vêtements"
2002-02-09-0883.xml,22," ce n'est donc pas urgent », a commenté Ritsma, à son arrivée dans l'Utah"
2002-02-09-0883.xml,23,STATS
2002-02-09-0883.xml,24," Les Américains étant des fous de statistiques, rien d'étonnant qu'ils annoncent au mètre près la longueur de papier toilette qui sera utilisée au Village olympique durant les Jeux"
2002-02-09-0883.xml,25, Réponse : 1
2002-02-09-0883.xml,26,761
2002-02-09-0883.xml,27,138 m
1999-05-21-0104.xml,0,Agression à Valdoie
1999-05-21-0104.xml,1,"Un chauffeur de bus de 38 ans a été pris à partie et agressé par deux individus, <date hier vers 18 h <pad><pad><pad>resta 1 d 18<pad><pad><pad>>, place de la Mairie à Valdoie"
1999-05-21-0104.xml,2," Deux gardiens de la paix, qui tentaient de s'interposer, ont été légèrement blessés à leur tour"
1999-05-21-0104.xml,3, Les auteurs de l'agression ont été interpellés et conduits au commissariat de police pour y être entendus
1999-05-21-0104.xml,4," De leur côté, les pompiers de Valdoie ont conduit trois blessés légers à l'hôpital de Belfort"
2003-02-24-0122.xml,0,Les élections au sein du futur Conseil français du culte musulman (CFCM) auront lieu les <date 6 <pad><pad><pad>06<pad><pad><pad><pad><pad>> et <date 13 avril <pad>04<pad>13<pad><pad><pad><pad><pad>> prochains pour désigner leurs instances dirigeantes
2003-02-24-0122.xml,1," Instance représentant les cinq millions de Français de culte musulman, le CFCM a vu le jour <date le 20 décembre dernier <pad><pad><pad>25 resta 12 months<pad><pad>> sous la houlette de Nicolas Sarkozy au terme de <duration trois ans 3<pad><pad><pad><pad><pad><pad><pad>> de tractations parfois difficiles"
1999-09-30-0406.xml,0,GYMNASTIQUE : LA RENTREE REPORTEE
1999-09-30-0406.xml,1,"Les cours de gymnastique volontaire reprendront <date le jeudi 7 octobre <pad>10<pad>07<pad><pad><pad><pad><pad>>, de <time 19 h 30 <pad><pad><pad><pad><pad><pad>19 30<pad><pad>> à <time 20 h 30 <pad><pad><pad><pad><pad><pad>20 30<pad><pad>>, à la salle des fêtes d'Anemont et non <date le jeudi 30 septembre <pad>09<pad>30<pad><pad><pad><pad><pad>> comme annoncé"
1999-07-09-0441.xml,0,"Michel Barnier, ancien ministre des Affaires européennes et organisateur des Jeux olympiques d'Albertville, et l'ancien directeur de cabinet de Jacques Delors, Pascal Lamy, sont les deux candidats que présente la France pour les deux sièges dont elle dispose à la Commission européenne"
1999-07-09-0441.xml,1,"L'annonce en a été faite <date hier <pad><pad><pad><pad>resta 1 d<pad><pad>> par Jacques Chirac et Lionel Jospin, dans un communiqué commun"
1999-07-09-0441.xml,2," Selon la tradition, Michel Barnier est sénateur RPR de Savoie et Pascal Lamy socialiste, <date actuel <pad><pad><pad><pad><pad><pad>present<pad><pad>> directeur général du Crédit Lyonnais"
1999-07-09-0441.xml,3," Le premier succédera à Thibault de Silguy, le père de l'euro qui devrait être appelé à d'autres fonctions"
1999-07-09-0441.xml,4, Le second remplace Edith Cresson par qui le scandale est arrivé
1999-07-09-0441.xml,7,La liste des vingt nouveaux commissaires est <date désormais <pad><pad><pad><pad><pad><pad>present<pad><pad>> complète et Romano Prodi devrait pouvoir en faire l'annonce officielle <date aujourd'hui vendredi <pad><pad><pad><pad>neutro 0 d<pad><pad>>
1999-07-09-0441.xml,8," Une première réunion est prévue <date le 16 juillet <pad>07<pad>16<pad><pad><pad><pad><pad>> en Belgique, pour confirmer la répartition des portefeuilles"
1999-07-09-0441.xml,9, La Commission Prodi ne sera toutefois pas opérationnelle avant son investiture par le Parlement européen prévue <date le 15 septembre <pad>09<pad>15<pad><pad><pad><pad><pad>>
1999-07-09-0441.xml,10," <date auparavant <pad><pad><pad><pad><pad><pad>past<pad><pad>>, chacun des candidats-commissaires aura été «auditionné» à partir du <date 30 août <pad>08<pad>30<pad><pad><pad><pad><pad>>"
1999-07-09-0441.xml,11,Le cas allemand
1999-07-09-0441.xml,12,"Une incertitude demeure encore sur les noms des deux commissaires allemands, puisque le chancelier Schröder souhaite la nomination de Günter Verheugen pour le SPD et Michaele Schreyer pour les Verts, malgré les réserves de Romano Prodi qui souhaiterait un représentant de l'opposition chrétienne-démocrate CDU qui a remporté les élections du <date 13 juin <pad>06<pad>13<pad><pad><pad><pad><pad>>"
1999-07-09-0441.xml,13,"Ailleurs, les jeux sont pratiquement faits"
1999-07-09-0441.xml,14," En Grande-Bretagne, il s'agit de Neil Kinnock, commissaire sortant aux transports, et de Chris Patten, ancien gouverneur de Hongkong"
1999-07-09-0441.xml,15," Pour l'Espagne, Loyola de Palacio, ancienne ministre de l'agriculture du gouvernement Aznar et Pedro Solbes, ancien ministre socialiste des finances"
1999-07-09-0441.xml,16,"Pour l'Italie, Romano Prodi bien sûr et Mario Monti, commissaire sortant au marché intérieur"
1999-07-09-0441.xml,17," Pour l'Autriche, Franz Fischler, commissaire à l'agriculture pourrait conserver son poste"
1999-07-09-0441.xml,18," Pour la Belgique, Philippe Busquin, président du parti socialiste francophone"
1999-07-09-0441.xml,19,Cinq femmes seulement
1999-07-09-0441.xml,20,"Pour le Luxembourg, la députée chrétienne-sociale Viviane Reeding"
1999-07-09-0441.xml,21," Pour la Finlande, le commissaire sortant au budget, Erkki Liikanen"
1999-07-09-0441.xml,22," Pour la Suède, l'ancien ministre de la culture et des affaires sociales Margaret Wallstroem"
1999-07-09-0441.xml,23," Pour le Portugal, le dirigeant socialiste Antonio Vitorino"
1999-07-09-0441.xml,24," Pour la Grèce, la députée socialiste Anna Diamantropoulo"
1999-07-09-0441.xml,25,"Pour l'Irlande, le procureur général David Byrne, proche du Premier ministre"
1999-07-09-0441.xml,26," Pour les Pays-Bas, le libéral Fritz Bolkestein"
1999-07-09-0441.xml,27," Enfin pour le Danemark, le ministre de la coopération Poul Nielson"
1999-07-09-0441.xml,28,"Soit au total, quatre commissaires sortants et seulement cinq femmes sur vingt sièges"
1999-07-09-0441.xml,29, Le rapport droite-gauche s'établirait environ à huit contre douze
1999-07-09-0441.xml,30,Un journal finlandais a déjà publié <date cette semaine <pad><pad><pad><pad>neutro 0 w<pad><pad>> la liste des nouveaux commissaires avec leurs affectations
1999-07-09-0441.xml,31," Plus sérieusement, on indiquait à Bruxelles que Romano Prodi pourrait être entouré de deux vice-présidents, l'anglais Neil Kinnock qui serait chargé de la réforme des institutions, et Viviane Reeding, la Luxembourgeoise, qui serait chargée des délicates relations avec le Parlement européen"
1999-07-09-0441.xml,32,Philippe JARRASSÉ
1999-09-04-0945.xml,0,YOGA
1999-09-04-0945.xml,1,"La reprise des séances de yoga est fixée au <date jeudi 16 septembre <pad>09<pad>16<pad><pad><pad><pad><pad>>, à <time 18 h <pad><pad><pad><pad><pad><pad>18<pad><pad><pad>> et à <time 19 h 30 <pad><pad><pad><pad><pad><pad>19 30<pad><pad>>, à la salle des fêtes"
1999-07-24-0101.xml,0,BIBLIOTHEQUE FERMÉE
1999-07-24-0101.xml,1,"La bibliothèque sera fermée en <date juillet <pad>07<pad><pad><pad><pad><pad><pad><pad>> et rouvrira ses portes en <date août <pad>08<pad><pad><pad><pad><pad><pad><pad>>, uniquement <set le mercredi <pad><pad><pad><pad><pad><pad><pad><pad>>"
1999-08-07-0951.xml,0,DISTRIBUTION DE LUNETTES
1999-08-07-0951.xml,1,"Une distribution de lunettes spéciales pour regarder l'éclipse aura lieu pour les administrés <date mardi 10 août <pad>08<pad>10<pad><pad><pad><pad><pad>>, en mairie de <time 10 h <pad><pad><pad><pad><pad><pad>10<pad><pad><pad>> à <time 12 h <pad><pad><pad><pad><pad><pad>12<pad><pad><pad>>"
1999-05-21-0102.xml,0,Accident rue de Danjoutin
1999-05-21-0102.xml,1,"Jean Burget, 87 ans, a été heurté par une voiture, <time hier en début d'après-midi <pad><pad><pad>resta 1 d<pad><pad><pad>taf>, rue de Danjoutin à Belfort, alors qu'il traversait la chaussée en marchant à côté de son vélo"
1999-05-21-0102.xml,2," Blessé à la jambe gauche et au thorax, il a été transporté au centre hospitalier de Belfort par les pompiers de la cité du Lion"
1999-05-21-0100.xml,0,Auto contre cyclo à Delle
1999-05-21-0100.xml,1,"Les pompiers ont secouru David Dietlin, blessé légèrement, à la hauteur du 37, rue de la Libération, dans un accident entre une auto et un deux roues"
1999-05-21-0100.xml,2, Il a été conduit au centre hospitalier de Belfort
2002-11-21-0215.xml,0,Réunion du conseil municipal
2002-11-21-0215.xml,1,"Le conseil municipal de la commune de Sancey-le-Grand se réunira en salle de mairie <date vendredi 22 novembre, à 20 h <pad>11<pad>22<pad><pad>20<pad><pad><pad>>, pour délibérer sur les sujets suivants à l'ordre du jour : budget supplémentaire <date 2002 2002<pad><pad><pad><pad><pad><pad><pad><pad>>, bibliothèque, vente de bois, règlement de l'affouage, convention de location de locaux, villages fleuris, affaires diverses"
2003-02-22-0872.xml,0,Un mort dans un dépassement
2003-02-22-0872.xml,1,BAR-LE-DUC
2003-02-22-0872.xml,2," _ <date vers 0 h 40, jeudi <pad><pad><pad>neutro 4 dayw 0 40<pad><pad>>, deux voitures de même modèle se suivaient sur la RD 184, la route qui relie Laneuville-au-Rupt (Meuse) à la RD 964 (la route Commercy-Void)"
2003-02-22-0872.xml,3," Au moment de l'accident, les deux conducteurs, Florian Désoteux, 26 ans, demeurant à Commercy, et Anthony Wagner, 27 ans, demeurant à Laxou, cherchaient à se dépasser"
2003-02-22-0872.xml,4,"Pour une raison qui reste à déterminer, dans une courbe de la route, les deux véhicules se sont percutés"
2003-02-22-0872.xml,5," Dans le choc, un des passagers de Florian Désoteux, Philippe Céric, 30 ans, demeurant à Laneuville-au-Rupt, a été éjecté du véhicule et a été retrouvé mort par les sauveteurs"
2003-02-22-0872.xml,6,"Les deux conducteurs, Florian Désoteux et Anthony Wagner, légèrement blessés, ont été transportés à l'hôpital Jeanne-d'Arc de Toul"
1999-06-12-0548c.xml,0,Une nécropole contenant 200 momies bien conservées et richement recouvertes d'or a été découverte dans l'oasis de Bahareya dans le désert occidental égyptien
1999-06-12-0548c.xml,1," La nécropole, qui remonte à <date l'époque greco-romaine <pad><pad><pad><pad><pad><pad>past<pad><pad>>, est composée de quatre tombes regroupant chacune cinquante momies retrouvées en piles alignées les unes contre les autres"
2002-01-03-0106.xml,0,"Christiane Marchiani, épouse du député européen, et Marie-Danièle Faure, proche collaboratrice de Charles Pasqua, ont été mises en examen <date le 21 décembre <pad>12<pad>21<pad><pad><pad><pad><pad>>"
2002-01-03-0106.xml,1, Elles sont soupçonnées d'avoir perçu des fonds provenant d'une rançon de 3 millions de dollars versée par l'Etat français en échange des otages du Liban
2002-01-03-0106.xml,2," Jean-Paul Kauffmann, Marcel Carton et Marcel Fontaine avaient été libérés en <date mai 1988 1988 05<pad><pad><pad><pad><pad><pad><pad>>, <duration quelques jours <pad><pad><pad>x<pad><pad><pad><pad>> avant le deuxième tour de l'élection présidentielle"
2002-01-03-0106.xml,3," Le gouvernement de l'époque dont Jacques Chirac était le Premier ministre, a toujours nié l'existence de cette rançon"
1999-05-27-0530e.xml,0,L'Irak a donné son accord au renouvellement pour une nouvelle période de <duration six mois <pad>6<pad><pad><pad><pad><pad><pad>> du programme humanitaire «pétrole contre nourriture»
1999-05-27-0530e.xml,1," Le Conseil de sécurité de l'ONU a reconduit à l'unanimité <date vendredi dernier <pad><pad><pad><pad>resta 5 dayw<pad><pad>> les dispositions de la phase V autorisant Bagdad à exporter du brut à hauteur de 5,2 milliards de dollars par <set semestre <pad>6<pad><pad><pad><pad><pad><pad>> pour acheter des produits de première nécessité, sous strict contrôle de l'ONU"
2003-02-23-0086.xml,0,"La fumée a attiré l'attention des voisins et des passants <date vers 15 h 30, hier <pad><pad><pad>resta 1 d 15 30<pad><pad>>"
2003-02-23-0086.xml,1, Il a fallu rapidement se rendre à l'évidence : il ne s'agissait pas d'un feu de cheminée
2003-02-23-0086.xml,2,"A leur arrivée devant le 10, rue Paul-Bert à Belfort, les sapeurs-pompiers se sont rapidement trouvés face à un incendie d'importance"
2003-02-23-0086.xml,3, Le feu avait couvé et une épaisse fumée s'était concentrée sur les deux étages de l'entrepôt du Secours populaire
2003-02-23-0086.xml,4," Il a fallu que les sapeurs-pompiers cassent les vitres, découpent le rideau métallique de la porte d'entrée et fassent des ouvertures dans le toit pour pouvoir combattre les flammes"
2003-02-23-0086.xml,5," Leur matériel respiratoire a été nécessaire pour entrer dans la fournaise générée par l'incendie des meubles, mousses et infrastructures en bois du bâtiment"
2003-02-23-0086.xml,6,"L'opération a mobilisé 25 hommes issus des centres de Belfort Nord et Sud, de Giromagny et du service départemental d'incendie et de secours"
2003-02-23-0086.xml,7, Deux fourgons et deux grandes échelles ont été mises en action
2003-02-23-0086.xml,8," L'intervention a été dirigée sur place, depuis le poste de commandement mobile"
2003-02-23-0086.xml,9,"Le sinistre a détruit essentiellement, au niveau du rez-de-chaussée, les locaux et le matériel situé côté Paul-Bert"
2003-02-23-0086.xml,10, La toiture a été préservée
2003-02-23-0086.xml,11, Il n'y avait personne à l'intérieur à <date ce moment là <pad><pad><pad><pad><pad><pad>present<pad><pad>>
2003-02-23-0086.xml,12,"Environ 100 m2, sur environ 300 m2 de locaux, ont été détruits par les flammes"
2003-02-23-0086.xml,13, Le reste a été endommagé par la chaleur et les fumées
2003-02-23-0086.xml,14, L'origine de l'incendie était inconnue <date hier après-midi <pad><pad><pad>resta 1 d<pad><pad><pad>taf>
2003-02-23-0086.xml,15,"Il n'y avait personne non plus à l'intérieur du hangar que le Secours populaire utilise depuis <duration un quart de siècle 25<pad><pad><pad><pad><pad><pad><pad>> pour l'accueil ainsi que la vente et le stockage de ses objets, meubles et vêtements"
2003-02-23-0086.xml,16,"Le bâtiment, qui appartient à la Ville de Belfort, venait de faire l'objet de travaux de rénovation confirme André Kaufmann, adjoint au maire, sur place <date hier <pad><pad><pad><pad>resta 1 d<pad><pad>> : « La toiture a été complétement refaite à <date la fin de l'année dernière <pad><pad><pad><pad>resta 1 y<pad><pad>>, ainsi que la façade extérieure et les systèmes de sécurité », souligne-t-il, estimant le coût de ces travaux à environ 100"
2003-02-23-0086.xml,17,000 €
2003-02-23-0086.xml,18,Fermé depuis <date vendredi <pad><pad><pad><pad>neutro 5 dayw<pad><pad>>
2003-02-23-0086.xml,19,"Jean-Claude Viailly, responsable des ventes, regardait avec la larme à l'œil les pompiers dégager les restes de son bureau et de sa brocante : « Nous sommes trois à être salariés ici"
2003-02-23-0086.xml,20, Je ne sais pas ce qu'on va devenir
2003-02-23-0086.xml,21, Nous avons ouvert <date vendredi <pad><pad><pad><pad>neutro 5 dayw<pad><pad>> jusqu'à <time 17 h <pad><pad><pad><pad><pad><pad>17 00<pad><pad>>
2003-02-23-0086.xml,22, Le bâtiment était fermé depuis
2003-02-23-0086.xml,23," A l'intérieur, c'était plein à environ 75 % pour l'espace brocante et il y avait environ trois tonnes de linge"
2003-02-23-0086.xml,24, Tout était en bas
2003-02-23-0086.xml,25," Nous ne mettions plus rien à l'étage car les planchers sont trop vieux », détaille-t-il"
2003-02-23-0086.xml,26,"Avertie par des voisines, Juliette Carpezat s'est précipitée en chaussons dans la rue lorsqu'elle a su que le Secours populaire brûlait : « Je suis passée à <time midi <pad><pad><pad><pad><pad><pad>12 00<pad><pad>> devant en rentrant de la pharmacie"
2003-02-23-0086.xml,27," Il n'y avait rien d'anormal », explique cette habitante du quartier, bénévole au « Secours pop » depuis <duration douze ans 12<pad><pad><pad><pad><pad><pad><pad>>"
2003-02-23-0086.xml,28," Seul baume à son cœur, une partie des vêtements ne paraissait pas trop touchée : « Il va falloir les mettre en lieu sûr"
2003-02-23-0086.xml,29," Si on laisse cela en l'état, ils vont être pillés », soupirait-elle alors que les pompiers engageaient les premières opérations de ventilation, d'étayage et de déblais"
2003-02-23-0086.xml,30,Tournoi de boules annulé
2003-02-23-0086.xml,31,L'intervention des sapeurs-pompiers s'est déroulée sous les yeux d'un public nombreux
2003-02-23-0086.xml,32," Et pour cause : la fumée a recouvert le quartier, faisant sortir les curieux, et le sinistre a interrompu le concours de pétanque organisée par l'association des Portugais de Belfort"
2003-02-23-0086.xml,33," Le boulodrome, en effet, est installé dans le même corps de bâtiment que le Secours populaire"
2003-02-23-0086.xml,34, Un grand mur sépare les deux parties
2003-02-23-0086.xml,35,"A l'heure du sinistre, près une centaine de personnes se trouvait dans le boulodrome ou trente triplettes engageaient leur troisième partie"
2003-02-23-0086.xml,36, Les consignes de sécurité ont eu raison de la compétition : elle a été annulée
2003-02-23-0086.xml,37,"<date hier soir <pad><pad><pad>resta 1 d<pad><pad><pad>tev>, les services techniques de la Ville engageaient des travaux pour fermer le local tandis que les pompiers s'organisaient pour effectuer des rondes pendant <date la nuit <pad><pad><pad>neutro 0 d<pad><pad><pad>tni> afin de déceler toute reprise de feu"
2003-02-23-0086.xml,38,Philippe PIOT
1999-05-17-0121.xml,0,Premier doublé de la «Scuderia» en Principauté
1999-05-17-0121.xml,1," Après un très bon départ, Michael Schumacher a fait cavalier seul"
1999-05-17-0121.xml,2," Il devance son coéquipier Eddie Irvine de <TIMEX3 tid=""t3"" type=""DURATION"" value=""PT30"
1999-05-17-0121.xml,3,"4S"">30,4 secondes</TIMEX3>, signe sa 35e victoire, la quatrième à Monaco, la 16e avec Ferrari"
1999-05-17-0121.xml,4, Un record absolu
1999-05-17-0121.xml,5," Dans ce grand prix au millimètre, seules neuf voitures ont passé la ligne d'arrivée"
1999-05-27-0530d.xml,0,"L'aviation indienne est entrée en action pour la première fois au Cachemire, <date hier <pad><pad><pad><pad>resta 1 d<pad><pad>>, pour déloger des guérilleros musulmans, ce qui marque une escalade dans le conflit indo-pakistanais sur cette région himalayenne disputée depuis <duration un demi-siècle 50<pad><pad><pad><pad><pad><pad><pad>>"
1999-05-27-0530d.xml,1, Le Pakistan a accusé <date hier <pad><pad><pad><pad>resta 1 d<pad><pad>> l'aviation indienne d'avoir bombardé trois fois son territoire lors de ces frappes
1999-06-12-1010b.xml,0,PONT-A-MOUSSON
1999-06-12-1010b.xml,1,"- Les individus qui ont braqué le chauffeur d'une société de surveillance de Vandœre, <date hier après-midi <pad><pad><pad>resta 1 d<pad><pad><pad>taf>, près de Pont-à-Mousson, ont dû être fortement déçus en découvrant leur butin"
1999-06-12-1010b.xml,2," Les sept mallettes dérobées dans des circonstances particulièrement risquées sur une bretelle d'autoroute, ne contenaient ni le plus petit billet de banque ni le moindre chèque"
1999-06-12-1010b.xml,3, Même pas une pièce de monnaie
1999-06-12-1010b.xml,4, Les mallettes étaient remplies de disquettes informatiques sans aucune valeur marchande
1999-06-12-1010b.xml,5,"Alain Parmentier, 53 ans, employé de la société Lorraine de surveillance Protec effectuait, <date hier <pad><pad><pad><pad>resta 1 d<pad><pad>>, une mission banale"
1999-06-12-1010b.xml,6, Un aller-retour entre Vandœuvre et Pont-à-Mousson pour mettre en sécurité sept mallettes métallisées contenant des disquettes informatiques traitées pour le compte des ASSEDIC du Nord-Est par la société CSIA de Pont-à-Mousson
1999-06-12-1010b.xml,7, Ces disquettes contiennent des informations très confidentielles
1999-06-12-1010b.xml,8, Il faut les archiver
1999-06-12-1010b.xml,9, Mais elles ne présentent aucun intérêt pour les particuliers
2003-02-23-0082.xml,0,ADPA
2003-02-23-0082.xml,1,"Après la prise de position de Damien Meslot, concernant l'attitude de Christian Proust sur le sujet de l'ADPA (notre édition d'<date hier <pad><pad><pad><pad>resta 1 d<pad><pad>>), Michel Zumkeller a fait savoir <date hier <pad><pad><pad><pad>resta 1 d<pad><pad>> par le biais d'un communiqué qu'il travaillait avec un groupe de députés de toutes sensibilités politiques et responsables, pour trouver des solutions durables et équitables au problème financier posé par l'ADPA"
2003-02-23-0082.xml,2, « Le gouvernement Jospin a mis en place l'ADPA mais sans prévoir les sources de financement
2003-02-23-0082.xml,3, C'est aussi pour cela qu'il a été sanctionné en <date mai 2002 05<pad><pad><pad><pad><pad><pad><pad>> et <date juin derniers <pad><pad><pad><pad>resta 06 months<pad><pad>>
2003-02-23-0082.xml,4," Alors que Christian Proust dilapide l'argent du contribuable en achetant des pages de quotidiens pour mener sa propre campagne électorale, je travaille sans relâche sur le dossier sensible de l'ADPA »"
2003-02-23-0082.xml,5, Michel Zumkeller a par ailleurs indiqué qu'il venait d'être nommé vice-président du groupe d'études chargé de la dépendance afin d'apporter une réponse réaliste et humaine en accord avec ses engagements
1999-06-12-0548d.xml,0,L'Union nationale des associations de parents et amis de personnes handicapées mentales (UNAPEI) a dénoncé <date hier <pad><pad><pad><pad>resta 1 d<pad><pad>> le «scandale» des quelques 10 à 15
1999-06-12-0548d.xml,1,"000 enfants handicapés mentaux, selon son estimation, qui sont obligés de rester chez eux faute de scolarisation"
1999-06-12-0548d.xml,2," Pour l'UNAPEI, les 20 mesures annoncées par la ministre de l'Education Nationale Ségolène Royal dans son plan d'intégration des handicapés à l'école «sont toutes acceptables mais insuffisantes, notamment faute de moyens»"
1999-06-12-0548d.xml,3," Pour l'UNAPEI, il manque 250 postes d'instituteurs spécialisés"
1999-08-06-0305.xml,0,"Evidemment, les ventes de journaux étrangers connaissent un boom en <date été <pad><pad><pad><pad><pad><pad>su<pad><pad>>"
1999-08-06-0305.xml,1," La venue massive de touristes dans l'hexagone, en grande partie des Hollandais, est à l'origine du phénomène"
1999-08-06-0305.xml,2,"Hervé Mangin, le patron du camping de Bouzey, confirme"
1999-08-06-0305.xml,3, « Je mets les quotidiens étrangers en rayon à partir du <date mois de juin <pad>06<pad><pad><pad><pad><pad><pad><pad>>
1999-08-06-0305.xml,4," Avant, ça ne vaut pas le coup"
1999-08-06-0305.xml,5," » Pendant <date les mois d'été, <pad><pad><pad><pad><pad><pad>su<pad><pad>> et particulièrement entre <date le 15 juillet <pad>07<pad>15<pad><pad><pad><pad><pad>> et <date le 15 août <pad>08<pad>15<pad><pad><pad><pad><pad>>, le camping affiche complet"
1999-08-06-0305.xml,6, Une belle performance
1999-08-06-0305.xml,7,"En <date 1995 1995<pad><pad><pad><pad><pad><pad><pad><pad>>, Hervé Mangin a installé une petite supérette où les résidents peuvent se procurer tout ce dont ils ont besoin"
1999-08-06-0305.xml,8, Le rayon presse étrangère est bien achalandé
1999-08-06-0305.xml,9," Quatorze titres en magasin pour les revues, essentiellement féminines et sportives, et les principaux quotidiens nationaux étrangers"
1999-08-06-0305.xml,10,"Hans et Anja, des habitués néerlandais du camping, se procurent <set chaque jour <pad><pad><pad>1<pad><pad><pad><pad>> De Telegraaf ou l'Algemeen Dagblad"
1999-08-06-0305.xml,11," Le journal étranger acheté en France est beaucoup plus cher que dans le pays d'origine mais les étrangers, bien plus que les Français, sont des lecteurs assidus de la presse quotidienne"
1999-08-06-0305.xml,12,"Même si la gestion des invendus est très rigide et que ce marché représente une toute petite part du chiffre d'affaire du point de vente, c'est un service que le dépositaire se doit d'offrir à son client étranger"
1999-08-06-0305.xml,13,Un service obligatoire
1999-08-06-0305.xml,14,"En ville, le son de cloche est un petit peu différent"
1999-08-06-0305.xml,15," A la Maison de la presse d'Epinal, les journaux étrangers, c'est <set toute l'année <pad><pad><pad>1<pad><pad><pad><pad>>"
1999-08-06-0305.xml,16," « Même si cela représente zéro et des poussières sur le total des recettes, c'est un service obligatoire », analyse le propriétaire, Jean Motsch"
1999-08-06-0305.xml,17," Il avoue vendre ses parutions étrangères, une vingtaine de titres pour les quotidiens, de manière constante, même si forcément, la demande augmente en <date été <pad><pad><pad><pad><pad><pad>su<pad><pad>>"
1999-08-06-0305.xml,18,"Sa clientèle est composée de touristes, de gens de passage, mais aussi d'habitués"
1999-08-06-0305.xml,19," Des profs de langue d'Epinal, des entrepreneurs, des Spinaliens d'origine étrangère, et surtout des expatriés, Allemands, Américains, Irlandais qui travaillent dans les entreprises locales"
1999-08-06-0305.xml,20,Le quotidien étranger le plus vendu est le Néerlandais De Volkskrat
1999-08-06-0305.xml,21," « Les Hollandais sont les plus gros consommateurs de quotidiens mais ils n'achètent que ça, alors que les Allemands ou les Anglais entrent pour acheter le canard et repartent avec un guide ou un ouvrage sur la région », confie Jean Motsch"
1999-08-06-0305.xml,22,"Finalement, les journaux étrangers sont un produit incontournable dans un point presse"
1999-08-06-0305.xml,23," A <date l'heure de l'europe et de la mondialisation <pad><pad><pad><pad><pad><pad>present<pad><pad>>, ils font partie des prestations évidentes"
1999-08-06-0305.xml,24, <date eté <pad><pad><pad><pad><pad><pad>su<pad><pad>> comme <date hiver <pad><pad><pad><pad><pad><pad>wi<pad><pad>>
1999-08-06-0305.xml,25,Anne BIANCHI
2002-04-02-0412a.xml,0,-------Coups de feu sur le TGV
2002-04-02-0412a.xml,1, - Trois rames de TGV ont essuyé des coups de feu sur la ligne Paris-Nantes près d'Angers <date dimanche après-midi <pad><pad><pad>neutro 3 dayw<pad><pad><pad>taf>
2002-04-02-0412a.xml,2," Les premiers tirs ont eu lieu vers <time 18 h 55 <pad><pad><pad><pad><pad><pad>18 55<pad><pad>> alors que le train Paris-Nantes se trouvait à 15 km au nord d'Angers (Maine-et-Loire), à la jonction des communes d'Ecouflant, Tiercé et Briollay, en rase campagne"
2002-04-02-0412a.xml,3," En raison de cet incident, le TGV a été retardé de <duration quinze minutes <pad>15<pad><pad><pad><pad><pad><pad>>"
2002-04-02-0412a.xml,4," Les tirs provenaient d'une carabine de gros calibre et ont eu lieu de bas en haut, en raison de la hauteur surélevée de la voie"
2002-04-02-0412a.xml,5," A <time 20 h <pad><pad><pad><pad><pad><pad>20<pad><pad><pad>>, deux nouvelles rames, un Nantes-Paris et un Nantes-Lille, ont alors été prises elles aussi pour cibles, dans une autre zone située à quelques centaines de mètres de la première"
2002-04-02-0412a.xml,6," Par sécurité, le trafic a alors été détourné via Saint-Pierre-des-Corps, près de Tours"
2002-04-02-0412a.xml,7," Jusqu'à tard dans <time la nuit <pad><pad><pad>neutro 0 d<pad><pad><pad>tni>, la police des chemins de fer et les gendarmes locaux ont sécurisé la zone"
2002-03-27-0154.xml,0,L'avantage du Premier ministre dans les sondages est si fragile qu'il rend tout pronostic impossible
2002-03-27-0154.xml,1, Lionel Jospin a cependant traité le sujet sensible de l'insécurité <date hier soir <pad><pad><pad>resta 1 d<pad><pad><pad>tev> au meeting de Tours
2002-03-27-0154.xml,2, Sans dramatisation excessive
2002-03-27-0154.xml,3,de Nicole COLLET et Chantal DIDIER
1999-05-27-0530a.xml,0,Le terroriste Carlos devra attendre jusqu'au <date 2 juin <pad>06<pad>02<pad><pad><pad><pad><pad>> pour voir l'examen par la chambre d'accusation de la Cour d'appel de Paris de la demande d'extradition de la justice autrichienne
1999-05-27-0530a.xml,1, La Cour a reporté reporté <date hier <pad><pad><pad><pad>resta 1 d<pad><pad>> pour un problème de procédure cet examen
1999-05-27-0530a.xml,2," L'Autriche réclame Carlos afin de le juger pour «homicides volontaires, enlèvements avec chantage et violation de domicile», pour la prise d'otages des ministres de l'OPEP (Organisation des pays exportateurs de pétrole) à Vienne en <date 1975 1975<pad><pad><pad><pad><pad><pad><pad><pad>>"
1999-08-07-0376c.xml,0,"L'académicien Théodore Monod, 97 ans, a entrepris <date vendredi matin <pad><pad><pad>neutro 5 dayw<pad><pad><pad>tmo> un jeûne d'interpellation antinucléaire de <duration trois jours <pad><pad><pad>3<pad><pad><pad><pad>>, organisé comme <set chaque année 1<pad><pad><pad><pad><pad><pad><pad>> par le comité «Stop Essais ! » et la «Maison de Vigilance», à l'occasion du 54e anniversaire des bombes de Hiroshima et Nagasaki"
1999-08-07-0376c.xml,1," Ce jeûne est organisé à la salle des fêtes, à proximité de la base militaire 921 qui abrite le poste de commandement de la force de frappe française"
1999-05-23-0078.xml,0,Rythmes aménagés
1999-05-23-0078.xml,1,Son équipe d'école a décidé d'aménager ses rythmes de vie à l'école dès <date octobre 98 1998 10<pad><pad><pad><pad><pad><pad><pad>>
1999-05-23-0078.xml,2, La municipalité a engagé une réflexion générale sur un projet d'envergure visant à créer les cohérences indispensables entre scolarisation et animation de la vie sociale dans la commune
1999-05-23-0078.xml,3," Le contrat éducatif local sera la complémentarité affirmée dans la diversité et une collaboration organisée entre les différents partenaires, dans le respect de leurs prérogatives, en proposant aux enfants et aux adolescents des activités en dehors des heures scolaires, en visant un large public (enfants, adolescents, élèves maternelles, élémentaires et collèges)"
1999-05-23-0078.xml,4,"L'adjoint précisa : « Bavilliers peut réussir à développer tous ces objectifs, car le projet présenté rassemble tous les éléments nécessaires pour y parvenir"
1999-05-23-0078.xml,5," Ce projet a demandé un travail sérieux de diagnostic local et d'état des lieux de l'existant, et présente les schémas de développement de multiples activités, diverses et variées"
1999-05-23-0078.xml,6," La commune, consciente de l'enjeu, est prête à se lancer dans ces projets, car elle a su initier des politiques dynamiques en faveur de l'enfance, la petite enfance et le public jeune offrant un panel de loisirs considérables conformes aux objectifs fixés par nos partenaires financiers »"
1999-05-23-0078.xml,7,Programme d'investissements
1999-05-23-0078.xml,8,"« De plus, dès <date l'année 2001 <pad><pad><pad><pad>neutro 0 y<pad><pad>>, la municipalité consciente des besoins exprimés, envisage d'engager un lourd programme d'investissements comprenant la restructuration des locaux de l'école maternelle et du centre de loisirs associé à l'école"
1999-05-23-0078.xml,9, La création d'un nouvel espace de restauration sur le site de l'école primaire
1999-05-23-0078.xml,10, »« Ces deux projets vont dans le sens de la politique menée par les élus pour le développement de l'accueil des 0-6 ans et le développement des loisirs pour les 6-16 ans »
1999-05-23-0078.xml,11,"Un projet auquel sont étroitement associés la Caf et Jeunesse et sport, ainsi que les différents acteurs locaux"
1999-05-23-0078.xml,12,"La municipalité, la Caisse d'allocations familiales et Jeunesse et sports ont présenté, au centre Jean-Moulin, la mouture finale du contrat éducatif local, le premier du Territoire de Belfort, qui sera signé en <date juin prochain <pad><pad><pad><pad>suma 06 months<pad><pad>> avec le préfet"
1999-05-23-0078.xml,13,"Daniel Lanquetin, maire, en préambule à cette présentation, rappela que le jeunesse a toujours été une préoccupation des élus : « Si nous avons mis du temps pour élaborer ce contrat, c'est que nous avons cherché à trouver les meilleures solutions dans notre collectivité"
1999-05-23-0078.xml,14," Prendre le projet dans sa globalité pour avoir un contrat qui soit cohérent, en relation avec nos partenaires, les intervenants locaux, tout en tenant compte des coûts budgétaires, afin de permettre sa réussite et son efficacité pour l'épanouissement des enfants"
1999-05-23-0078.xml,15, »Le maire passa la parole à Jean-Pierre Thabourin pour la présentation du contrat éducatif local
1999-05-23-0078.xml,16," Ces contrats concernent l'aménagement du temps de l'activité de l'enfant, englobant les aménagements liés au temps périscolaire et extra-scolaire mis en place depuis <date 1998 1998<pad><pad><pad><pad><pad><pad><pad><pad>>"
1999-05-23-0078.xml,17," L'école Maurice-Henry, qui compte 287 élèves, est le premier groupe scolaire du département de part son effectif"
1999-09-03-0450b.xml,0,"Les deux otages français travaillant pour l'ambassade de France à Sanaa ont été libérés sains et saufs <date hier <pad><pad><pad><pad>resta 1 d<pad><pad>> après <duration douze jours <pad><pad><pad>12<pad><pad><pad><pad>> de captivité entre les mains d'une tribu armée, du Yemen"
1999-09-03-0450b.xml,1," Irénée Herbet, responsable de l'enseignement du français à Sanaa et son épouse, Tara Steimer Herbet, archéologue étaient détenus à 140 km de Sanaa"
1999-05-27-0530b.xml,0,"Procès Nivel à Essen: la défense a marqué des points, <date hier <pad><pad><pad><pad>resta 1 d<pad><pad>>, en utilisant un témoignage confus devant la Cour d'assises d'Essen (ouest) qui juge quatre hooligans pour le lynchage du gendarme français Daniel Nivel, <date le 21 juin <pad>06<pad>21<pad><pad><pad><pad><pad> > à Lens (nord de la France)"
1999-05-27-0530b.xml,1," A la barre, Peter Walke, électricien allemand de 37 ans, s'est emmêlé dans sa déposition, en totale contradiction avec celle qu'il avait devant des policiers allemands"
